tamanno,it_milis,dyv_milis
10.0,1.1286609999956454,0.9858479999991232
1010.0,1.0397460000035608,0.9974399999919115
2010.0,1.38333999998963,1.1753740000131074
3010.0,1.2071230000003652,1.1482959999966624
4010.0,3.655708999986018,1.116709999990917
5010.0,1.1363970000104473,1.4241070000196032
6010.0,1.2218630000120356,1.0497799999882318
7010.0,1.1823729999775878,1.033973000005517
8010.0,1.1323249999861673,1.114242999989301
9010.0,1.3344109999877674,1.1949209999784216
